path,resolution,series,sys_id,img_id,format,date
3000/dreamlike_04_1309.jpg,3000,dreamlike,04,1309,jpg,2023-06-02
800/dreamlike_04_1309.jpg,800,dreamlike,04,1309,jpg,2023-06-02
3000/dreamlike_04_1328.jpg,3000,dreamlike,04,1328,jpg,2023-06-02
800/dreamlike_04_1328.jpg,800,dreamlike,04,1328,jpg,2023-06-02
3000/dreamlike_05_1412.jpg,3000,dreamlike,05,1412,jpg,2023-06-02
800/dreamlike_05_1412.jpg,800,dreamlike,05,1412,jpg,2023-06-02
3000/dreamlike_06_1509.jpg,3000,dreamlike,06,1509,jpg,2023-06-02
800/dreamlike_06_1509.jpg,800,dreamlike,06,1509,jpg,2023-06-02
3000/dreamlike_06_1514.jpg,3000,dreamlike,06,1514,jpg,2023-06-02
800/dreamlike_06_1514.jpg,800,dreamlike,06,1514,jpg,2023-06-02
3000/dreamlike_07_1657.jpg,3000,dreamlike,07,1657,jpg,2023-06-02
800/dreamlike_07_1657.jpg,800,dreamlike,07,1657,jpg,2023-06-02
3000/dreamlike_09_1834.jpg,3000,dreamlike,09,1834,jpg,2023-06-02
800/dreamlike_09_1834.jpg,800,dreamlike,09,1834,jpg,2023-06-02
3000/dreamlike_09_1884.jpg,3000,dreamlike,09,1884,jpg,2023-06-02
800/dreamlike_09_1884.jpg,800,dreamlike,09,1884,jpg,2023-06-02
3000/dreamlike_12_2120.jpg,3000,dreamlike,12,2120,jpg,2023-06-02
800/dreamlike_12_2120.jpg,800,dreamlike,12,2120,jpg,2023-06-02
3000/dreamlike_12_2149.jpg,3000,dreamlike,12,2149,jpg,2023-06-02
800/dreamlike_12_2149.jpg,800,dreamlike,12,2149,jpg,2023-06-02
3000/dreamlike_13_2170.jpg,3000,dreamlike,13,2170,jpg,2023-06-02
800/dreamlike_13_2170.jpg,800,dreamlike,13,2170,jpg,2023-06-02
3000/dreamlike_12_2183.jpg,3000,dreamlike,12,2183,jpg,2023-06-02
800/dreamlike_12_2183.jpg,800,dreamlike,12,2183,jpg,2023-06-02
3000/dreamlike_13_2187.jpg,3000,dreamlike,13,2187,jpg,2023-06-02
800/dreamlike_13_2187.jpg,800,dreamlike,13,2187,jpg,2023-06-02
3000/dreamlike_14_2200.jpg,3000,dreamlike,14,2200,jpg,2023-06-02
800/dreamlike_14_2200.jpg,800,dreamlike,14,2200,jpg,2023-06-02
3000/dreamlike_14_2295.jpg,3000,dreamlike,14,2295,jpg,2023-06-02
800/dreamlike_14_2295.jpg,800,dreamlike,14,2295,jpg,2023-06-02
3000/dreamlike_16_2560.jpg,3000,dreamlike,16,2560,jpg,2023-06-02
800/dreamlike_16_2560.jpg,800,dreamlike,16,2560,jpg,2023-06-02
